No,TIME,Pos1_Relative@RevJoint1,Pos1_Relative@RevJoint2,Vel1_Relative@RevJoint1,Vel1_Relative@RevJoint2,Acc1_Relative@RevJoint1,Acc1_Relative@RevJoint2
1,0,60,0,0,0,-83.447027,83.02747
2,0.01,59.761156,0.23758149,-0.83298421,0.82836657,-83.057094,82.526534
3,0.02,59.047341,0.94682765,-1.656557,1.6445962,-81.966931,81.117926
4,0.03,57.867278,2.1164266,-2.4599914,2.4346114,-80.007712,78.562056
5,0.04,56.236827,3.7255837,-3.2302524,3.1809236,-77.021848,74.623624
6,0.05,54.186062,5.7343176,-3.9463165,3.8549503,-73.411558,69.809651
7,0.06,51.745423,8.1017313,-4.5999487,4.4449235,-68.045998,62.601429
8,0.07,48.955307,10.773236,-5.1746479,4.9280238,-60.995276,53.073833
9,0.08,45.864669,13.682441,-5.656437,5.2849558,-52.451034,41.486743
10,0.09,42.529023,16.754002,-6.0356096,5.5025665,-42.761853,28.336298
11,0.1,39.0078,19.907461,-6.3076395,5.5752922,-32.389272,14.293811
12,0.11,35.361592,23.061333,-6.4729025,5.5049067,-21.813958,0.072237193
13,0.12,31.649843,26.136632,-6.5354221,5.2988403,-11.439294,-13.713682
14,0.13,27.92932,29.059303,-6.5011934,4.9678318,-1.5311887,-26.638461
15,0.14,24.253449,31.761448,-6.3766386,4.5236871,7.7932605,-38.489131
16,0.15,20.67234,34.181498,-6.1675179,3.9776087,16.53913,-49.234942
17,0.16,17.233265,36.263666,-5.878371,3.3392124,24.789505,-58.9714
18,0.17,13.981326,37.957008,-5.5123974,2.6161243,32.661409,-67.863003
19,0.18,10.960126,39.21434,-5.0716297,1.8139661,40.271651,-76.098213
20,0.19,8.212315,39.991187,-4.5572594,0.93655367,47.715234,-83.860236
21,0.2,5.7799415,40.244863,-3.9700209,-0.013805207,55.054311,-91.31067
22,0.21,3.7045954,39.93372,-3.3105972,-1.0359447,62.313017,-98.579522
23,0.22,2.02729,39.016663,-2.5800941,-2.129327,69.471215,-105.752
24,0.23,0.78800138,37.453079,-1.780725,-3.2931686,76.448346,-112.84011
25,0.24,0.024594055,35.203599,-0.91711235,-4.5246402,83.056957,-119.71147
26,0.25,-0.22941584,32.232489,0.0012022293,-5.8153071,88.906625,-125.94828
27,0.26,0.050661624,28.513223,0.95490652,-7.1442336,93.215828,-130.57786
28,0.27,0.87231065,24.039604,1.9066584,-8.4662357,94.52207,-131.65943
29,0.28,2.2120123,18.844614,2.7903066,-9.6964817,90.417236,-125.90288
30,0.29,3.9974084,13.025206,3.5050458,-10.701691,77.788355,-108.98155
31,0.3,6.0942025,6.7609445,3.9313421,-11.321407,54.349209,-77.641628
32,0.31,8.3122981,0.30640241,3.9771627,-11.431352,21.171107,-33.2102
33,0.32,10.436413,-6.0500505,3.6252659,-11.008504,-16.402751,17.119783
34,0.33,12.266027,-12.04023,2.936278,-10.1352,-51.400107,63.926855
35,0.34,13.643551,-17.453779,2.0097107,-8.9452224,-78.904522,100.64082
36,0.35,14.462957,-22.148895,0.94308428,-7.5675722,-97.409938,125.39029
37,0.36,14.664279,-26.043766,-0.18800712,-6.0994854,-107.87607,139.66922
38,0.37,14.222616,-29.100777,-1.3319581,-4.604321,-112.22209,146.23403
39,0.38,13.137329,-31.311397,-2.4558507,-3.1196447,-112.33354,147.72309
40,0.39,11.423693,-32.684849,-3.5391985,-1.6665582,-109.6677,146.11347
41,0.4,9.1072535,-33.240876,-4.5689936,-0.2571121,-105.2089,142.66756
42,0.41,6.2204404,-33.005905,-5.5361846,1.1003784,-99.549039,138.05522
43,0.42,2.800881,-32.011766,-6.4331659,2.3975986,-92.981766,132.49975
44,0.43,-1.1088619,-30.29649,-7.2515543,3.6230321,-85.553146,125.86215
45,0.44,-5.4602184,-27.906966,-7.9799305,4.7588995,-77.076133,117.67855
46,0.45,-10.196191,-24.903372,-8.6014724,5.778136,-67.128171,107.17528
47,0.46,-15.247788,-21.364988,-9.0921342,6.6423383,-55.086843,93.338585
48,0.47,-20.530206,-17.396011,-9.4209866,7.3029336,-40.285775,75.152548
49,0.48,-25.940695,-13.128595,-9.5548496,7.7084843,-22.35279,52.087563
50,0.49,-31.360631,-8.7195636,-9.4678168,7.8187939,-1.6487437,24.716494
51,0.5,-36.663126,-4.3390403,-9.1521111,7.6205775,20.497471,-4.9755944
52,0.51,-41.724568,-0.15346435,-8.623526,7.1350844,42.071492,-34.02474
53,0.52,-46.435954,3.6909626,-7.9174378,6.4120822,61.096379,-59.541725
54,0.53,-50.710136,7.0788404,-7.0783238,5.5145478,76.306391,-79.682871
55,0.54,-54.483682,9.9282552,-6.1491917,4.5032695,87.377606,-93.97951
56,0.55,-57.714469,12.187242,-5.1651397,3.4274288,94.729338,-103.04922
57,0.56,-60.37712,13.827063,-4.1514118,2.3217042,99.158303,-108.06471
58,0.57,-62.458078,14.834938,-3.1243339,1.2075969,101.52462,-110.29539
59,0.58,-63.951366,15.207772,-2.09344,0.096542046,102.5678,-110.83545
60,0.59,-64.855511,14.947601,-1.0639067,-1.0064866,102.82482,-110.48039
61,0.6,-65.171745,14.058925,-0.038881848,-2.0995059,102.60993,-109.69475
62,0.61,-64.90352,12.548014,0.9781774,-3.1800412,102.00726,-108.6006
63,0.62,-64.057416,10.42426,1.9810229,-4.2414546,100.85879,-106.9611
64,0.63,-62.645495,7.7036741,2.958036,-5.2691527,98.753804,-104.1669
65,0.64,-60.688923,4.4142492,3.89016,-6.237535,95.059535,-99.281124
66,0.65,-58.222073,0.60206707,4.7507666,-7.1097049,89.060287,-91.238364
67,0.66,-55.29546,-3.6642034,5.5091239,-7.8423135,80.24391,-79.253367
68,0.67,-51.975476,-8.2933157,6.1377437,-8.3959643,68.655958,-63.32784
69,0.68,-48.339936,-13.177446,6.6205911,-8.7469606,55.07515,-44.509032
70,0.69,-44.470521,-18.20268,6.9574978,-8.8938248,40.818826,-24.627292
71,0.7,-40.444889,-23.260172,7.1623763,-8.8551373,27.264846,-5.6299281
72,0.71,-36.330991,-28.254363,7.2571332,-8.6612674,15.405407,11.048018
73,0.72,-32.184639,-33.106752,7.265071,-8.3452727,5.6643192,24.748982
74,0.73,-28.049909,-37.755752,7.2063247,-7.9365434,-2.028312,35.498281
75,0.74,-23.961266,-42.154124,7.0958098,-7.4578957,-8.043767,43.742611
76,0.75,-19.946356,-46.265474,6.9429946,-6.925184,-12.868934,50.094981
77,0.76,-16.02874,-50.060767,6.7526258,-6.3482244,-16.980897,55.1623
78,0.77,-12.230203,-53.515387,6.5257809,-5.7321548,-20.783292,59.458744
79,0.78,-8.5725303,-56.606871,6.2609161,-5.0787624,-24.585417,63.379069
80,0.79,-5.078749,-59.313301,5.9547763,-4.3875877,-28.604456,67.204672
81,0.8,-1.7739142,-61.612223,5.6031379,-3.6567594,-32.977382,71.123446
82,0.81,1.3144831,-63.479977,5.2013929,-2.8835806,-37.775459,75.253067
83,0.82,4.1564017,-64.891294,4.7449905,-2.0648963,-43.018644,79.663307
84,0.83,6.7193548,-65.819067,4.2297536,-1.1972974,-48.688675,84.394365
85,0.84,8.9686311,-66.234139,3.6519929,-0.27701994,-54.746938,89.483284
86,0.85,10.86757,-66.105061,3.0085469,0.70014228,-61.145384,94.971909
87,0.86,12.377779,-65.397693,2.2965797,1.7392451,-67.846273,100.93083
88,0.87,13.459177,-64.074515,1.5131895,2.8467764,-74.841436,107.47903
89,0.88,14.069761,-62.093555,0.65480606,4.03145,-82.172708,114.80458
90,0.89,14.164956,-59.406789,-0.28361376,5.3052231,-89.952225,123.1864
91,0.9,13.696534,-55.958008,-1.3093994,6.6842417,-98.369781,132.99671
92,0.91,12.611194,-51.680322,-2.43264,8.1893271,-107.67263,144.67126
93,0.92,10.849504,-46.494265,-3.6649557,9.8440797,-118.04526,158.54059
94,0.93,8.3475052,-40.309705,-5.0128518,11.665453,-129.20816,174.27174
95,0.94,5.0474249,-33.040553,-6.4561847,13.633548,-139.29158,189.2969
96,0.95,0.93158557,-24.651983,-7.8953786,15.617692,-142.37679,195.37524
97,0.96,-3.9071277,-15.2589,-9.0759744,17.270628,-126.16531,175.3208
98,0.97,-9.1957572,-5.2234596,-9.6230258,18.075709,-78.525196,112.11238
99,0.98,-14.518448,4.8956706,-9.3195727,17.734247,-5.9448585,14.60666
100,0.99,-19.462013,14.544655,-8.2972989,16.430375,66.169963,-82.055936
101,1,-23.729079,23.330412,-6.8570784,14.580732,118.07136,-150.66153
102,1.01,-27.156479,31.044514,-5.2491939,12.528452,146.54942,-187.03914
103,1.02,-29.680948,37.613813,-3.618073,10.46656,157.5912,-199.80583
104,1.03,-31.298195,43.042114,-2.0309285,8.4784621,158.34004,-199.14184
105,1.04,-32.033274,47.367928,-0.51311771,6.5878711,153.9674,-192.42001
106,1.05,-31.923475,50.640083,0.92893089,4.7914939,147.45904,-183.89848
107,1.06,-31.009896,52.90582,2.2959262,3.0761933,140.28603,-175.65287
108,1.07,-29.333842,54.206058,3.5906505,1.4267858,133.07697,-168.51146
109,1.08,-26.935462,54.574189,4.8163122,-0.17090671,126.06977,-162.68332
110,1.09,-23.853102,54.03627,5.9766155,-1.7295231,119.37681,-158.13553
111,1.1,-20.122697,52.611587,7.0763125,-3.2603896,113.1054,-154.76961
112,1.11,-15.776993,50.313239,8.1216337,-4.7737891,107.38988,-152.48317
113,1.12,-10.844855,47.148958,9.1199644,-6.2783824,102.35201,-151.13394
114,1.13,-5.3513148,43.122981,10.077953,-7.7786267,97.983268,-150.39427
115,1.14,0.68026953,38.240811,10.996632,-9.2681623,93.906355,-149.43379
116,1.15,7.2214911,32.52019,11.861328,-10.716055,88.948473,-146.33747
117,1.16,14.224253,26.012848,12.624896,-12.043998,80.554049,-137.30863
118,1.17,21.597083,18.838287,13.19096,-13.10423,64.588944,-116.45171
119,1.18,29.182457,11.214936,13.424455,-13.696899,37.095997,-78.328504
120,1.19,36.759629,3.454109,13.217503,-13.66517,-1.4314806,-23.99421
121,1.2,44.086427,-4.1015668,12.569182,-13.008114,-43.698568,35.805644
122,1.21,50.954349,-11.158094,11.586339,-11.880373,-80.089072,87.117961
123,1.22,57.220473,-17.51646,10.411283,-10.488184,-105.03344,121.8519
124,1.23,62.808073,-23.073891,9.1600774,-9.0005972,-118.42482,139.78976
125,1.24,67.689981,-27.79999,7.9047063,-7.523125,-123.16634,145.09473
126,1.25,71.869211,-31.708562,6.6809276,-6.1083188,-122.6407,142.68532
127,1.26,75.363747,-34.835193,5.501609,-4.7746282,-119.50148,136.47449
128,1.27,78.196638,-37.222352,4.3669325,-3.5210685,-115.47892,129.06214
129,1.28,80.390355,-38.910716,3.2709749,-2.3369352,-111.55681,121.96293
130,1.29,81.963884,-39.934534,2.2051105,-1.2069738,-108.24323,115.98507
131,1.3,82.931344,-40.319351,1.1596398,-0.11399999,-105.77912,111.52661
132,1.31,83.301319,-40.080889,0.12432437,0.96010879,-104.28074,108.78279
133,1.32,83.076469,-39.224438,-0.91152001,2.0340845,-103.81654,107.85931
134,1.33,82.253188,-37.744431,-1.9591242,3.127256,-104.44579,108.8312
135,1.34,80.821293,-35.624133,-3.0302463,4.2593791,-106.2234,111.75194
136,1.35,78.763905,-32.835705,-4.1366632,5.4497772,-109.16893,116.61052
137,1.36,76.058205,-29.341596,-5.2880983,6.7141928,-113.15198,123.16455
138,1.37,72.678315,-25.099084,-6.4873605,8.0576866,-117.66814,130.6211
139,1.38,68.602823,-20.071505,-7.7201051,9.4598791,-121.40569,137.01987
140,1.39,63.830036,-14.250572,-8.9385873,10.851777,-121.70071,138.46651
141,1.4,58.40091,-7.689521,-10.048376,12.097069,-114.55284,129.17495
142,1.41,52.418834,-0.53167544,-10.923233,13.013599,-96.508078,104.1603
143,1.42,46.046157,6.9942028,-11.463283,13.456304,-68.172648,64.233813
144,1.43,39.471314,14.620576,-11.65169,13.39823,-35.284679,17.539637
145,1.44,32.867792,22.099891,-11.550347,12.925536,-5.0053775,-25.666371
146,1.45,26.369239,29.241029,-11.250511,12.168521,18.320627,-59.023146
147,1.46,20.06577,35.915951,-10.831386,11.243087,34.048483,-81.369994
148,1.47,14.012996,42.048197,-10.345311,10.229213,43.754509,-94.71489
149,1.48,8.2445258,47.596136,-9.8197782,9.173076,49.620376,-101.98079
150,1.49,2.7827965,52.538229,-9.2648336,8.09688,53.536429,-105.74
151,1.5,-2.3532599,56.862416,-8.6799063,7.0079062,56.840629,-107.84492
152,1.51,-7.1435769,60.559473,-8.0589658,5.9053062,60.342909,-109.45497
153,1.52,-11.564605,63.619313,-7.3938833,4.7843518,64.453139,-111.21529
154,1.53,-15.588517,66.029208,-6.6765045,3.6388763,69.309633,-113.43679
155,1.54,-19.183397,67.773128,-5.8998475,2.462543,74.880342,-116.23449
156,1.55,-22.313922,68.831559,-5.0585697,1.2491062,81.045302,-119.64061
157,1.56,-24.942249,69.181459,-4.1490458,-0.007618527,87.650028,-123.66186
158,1.57,-27.028793,68.796016,-3.1689113,-1.314432,94.558975,-128.34152
159,1.58,-28.532636,67.643929,-2.1161983,-2.679795,101.70053,-133.80471
160,1.59,-29.411329,65.68798,-0.98806237,-4.115277,109.10924,-140.30037
161,1.6,-29.619851,62.882644,0.220893,-5.6374642,116.96677,-148.24593
162,1.61,-29.108554,59.170547,1.5205436,-7.2701296,125.6323,-158.25967
163,1.62,-27.820054,54.47773,2.9270939,-9.0463509,135.64745,-171.16798
164,1.63,-25.685711,48.70857,4.4632689,-11.008371,147.62749,-187.85735
165,1.64,-22.62458,41.744358,6.1514577,-13.19772,161.75508,-208.57571
166,1.65,-18.555179,33.459995,7.9823236,-15.610991,175.97609,-230.40997
167,1.66,-13.446966,23.796406,9.8220511,-18.069747,181.30719,-240.72037
168,1.67,-7.4387617,12.92686,11.271683,-20.02333,157.07788,-210.47903
169,1.68,-0.93410967,1.391356,11.785992,-20.714412,86.646558,-116.2318
170,1.69,5.5172694,-10.067386,11.213291,-19.932289,-9.2978813,13.397655
171,1.7,11.450467,-20.824792,9.9031846,-18.163185,-90.43974,122.40614
172,1.71,16.58943,-30.51841,8.2760811,-15.990225,-138.62014,185.66601
173,1.72,20.820352,-39.009707,6.5919389,-13.770886,-158.48286,209.84464
174,1.73,24.12826,-46.294542,4.9679056,-11.661601,-161.09651,210.5672
175,1.74,26.546064,-52.431155,3.4431029,-9.7083956,-155.35235,200.40276
176,1.75,28.124554,-57.497543,2.0225429,-7.9085686,-146.48812,186.78938
177,1.76,28.917935,-61.570794,0.69957611,-6.2424877,-137.02716,173.33519
178,1.77,28.978319,-64.719148,-0.53427238,-4.687789,-127.93229,161.42498
179,1.78,28.354543,-67.000408,-1.6857355,-3.2248687,-119.4083,151.33635
180,1.79,27.092665,-68.462966,-2.7592409,-1.8381935,-111.3698,142.89046
181,1.8,25.236772,-69.147575,-3.7575212,-0.51597792,-103.67529,135.77786
182,1.81,22.829501,-69.08899,-4.6826491,0.75080822,-96.233621,129.7117
183,1.82,19.912082,-68.317171,-5.5370437,1.9694911,-89.037514,124.48276
184,1.83,16.523892,-66.857913,-6.3243335,3.1467923,-82.165153,119.981
185,1.84,12.701656,-64.733035,-7.0498372,4.2894717,-75.7553,116.17229
186,1.85,8.4784683,-61.960269,-7.7207481,5.4047805,-69.979159,113.07802
187,1.86,3.882834,-58.553016,-8.3459162,6.5004733,-65.004259,110.73886
188,1.87,-1.0620077,-54.520322,-8.935118,7.5841785,-60.948209,109.15996
189,1.88,-6.3380702,-49.867585,-9.4975109,8.6616459,-57.808926,108.21782
190,1.89,-11.93123,-44.598972,-10.038625,9.732919,-55.343945,107.49081
191,1.9,-17.82724,-38.723266,-10.554764,10.784831,-52.857229,105.95773
192,1.91,-24.003265,-32.265781,-11.023558,11.778135,-48.872017,101.5395
193,1.92,-30.413281,-25.288611,-11.391784,12.63097,-40.839039,90.702178
194,1.93,-36.969457,-17.916047,-11.570233,13.212598,-25.509611,69.00929
195,1.94,-43.530955,-10.348999,-11.456621,13.376707,-0.92909981,33.943662
196,1.95,-49.91669,-2.8453914,-10.991827,13.040906,30.676576,-11.072188
197,1.96,-55.942423,4.3335044,-10.202727,12.246172,62.832165,-56.672971
198,1.97,-61.458846,10.977514,-9.1835157,11.129208,88.891505,-93.355276
199,1.98,-66.369122,16.952483,-8.0410873,9.844441,105.79239,-116.76954
200,1.99,-70.625232,22.194873,-6.857445,8.5104001,114.17362,-127.85924
201,2,-74.213977,26.691499,-5.6811549,7.1972912,116.47721,-130.16035
202,2.01,-77.14222,30.458062,-4.534353,5.9367908,115.2792,-127.42014
203,2.02,-79.425647,33.522642,-3.4226231,4.7361077,112.54173,-122.51892
204,2.03,-81.081503,35.914881,-2.342356,3.5885164,109.53171,-117.34573
205,2.04,-82.124535,37.659774,-1.2856433,2.4804964,106.95809,-112.98324
206,2.05,-82.564932,38.774395,-0.24273814,1.3953627,105.17971,-110.00332
207,2.06,-82.407411,39.266323,0.79670599,0.31517614,104.35618,-108.68021
208,2.07,-81.65085,39.132929,1.84321,-0.7785122,104.55233,-109.13929
209,2.08,-80.288104,38.361014,2.9074373,-1.904463,105.79926,-111.44315
210,2.09,-78.305859,36.926586,4.000283,-3.0816995,108.1228,-115.63015
211,2.1,-75.684603,34.79494,5.1325977,-4.3288609,111.52859,-121.68748
212,2.11,-72.399066,31.921568,6.3140396,-5.6622597,115.93898,-129.45575
213,2.12,-68.420162,28.255407,7.5495729,-7.0904969,121.01522,-138.36773
214,2.13,-63.72059,23.747534,8.8312028,-8.602255,125.7804,-146.90645
215,2.14,-58.287696,18.370404,10.122134,-10.143431,127.98888,-151.71386
216,2.15,-52.146672,12.151812,11.336067,-11.587806,123.5918,-146.86296
217,2.16,-45.388776,5.2156587,12.333076,-12.732061,107.66457,-125.23803
218,2.17,-38.183215,-2.2011103,12.966739,-13.36412,78.132383,-83.883285
219,2.18,-30.751937,-9.7849603,13.167001,-13.382121,39.394901,-29.161121
220,2.19,-23.319508,-17.218265,12.97304,-12.842187,0.20093427,26.275186
221,2.2,-16.072403,-24.238946,12.486859,-11.893319,-32.345116,72.016306
222,2.21,-9.145142,-30.662091,11.811236,-10.689054,-55.823231,104.28973
223,2.22,-2.6269305,-36.371994,11.019462,-9.3432389,-71.392687,124.48427
224,2.23,3.4240109,-41.302522,10.153115,-7.9252643,-81.554017,136.0264
225,2.24,8.9669526,-45.417902,9.2309449,-6.4713404,-88.662676,142.27039
226,2.25,13.968944,-48.698187,8.258054,-4.9964185,-94.413617,145.75159
227,2.26,18.399043,-51.129834,7.2329101,-3.5034498,-99.814131,148.11511
228,2.27,22.225459,-52.700091,6.1515443,-1.9889107,-105.36243,150.34098
229,2.28,25.414475,-53.393725,5.0096461,-0.44562204,-111.24736,152.99957
230,2.29,27.930157,-53.190863,3.8030986,1.136402,-117.51895,156.46813
231,2.3,29.734207,-52.065158,2.5276446,2.7700584,-124.20325,161.06647
232,2.31,30.785492,-49.981745,1.1779284,4.4720002,-131.38217,167.15161
233,2.32,31.039146,-46.894901,-0.25335647,6.263217,-139.21304,175.13166
234,2.33,30.445748,-42.74617,-1.7748657,8.1675731,-147.83829,185.33429
235,2.34,28.952626,-37.465768,-3.391148,10.203608,-157.03159,197.51377
236,2.35,26.512988,-30.985261,-5.0839605,12.357907,-165.19803,209.45786
237,2.36,23.115363,-23.278926,-6.7659768,14.519831,-167.20043,213.94751
238,2.37,18.846006,-14.45164,-8.2121632,16.384733,-152.1459,195.64266
239,2.38,13.955444,-4.8332064,-9.0777453,17.477741,-108.42078,138.08141
240,2.39,8.8357762,5.0512434,-9.1354383,17.483762,-39.986457,46.428557
241,2.4,3.8915301,14.659184,-8.4762529,16.527719,30.616875,-48.260014
242,2.41,-0.57473236,23.588488,-7.3779792,14.992355,83.423871,-118.4443
243,2.42,-4.3908159,31.615892,-6.0929342,13.223406,113.47762,-157.41138
244,2.43,-7.4873749,38.657892,-4.7766113,11.430683,125.58073,-171.98531
245,2.44,-9.8588269,44.7158,-3.5061892,9.7142593,126.55505,-171.75667
246,2.45,-11.532856,49.832959,-2.3131146,8.1101707,121.72332,-164.19146
247,2.46,-12.551719,54.068639,-1.2065132,6.6234207,114.34786,-153.84716
248,2.47,-12.962416,57.484443,-0.18607627,5.2462247,106.14509,-143.09545
249,2.48,-12.812217,60.13836,0.75162155,3.9670892,97.894884,-132.97418
250,2.49,-12.147011,62.082898,1.6104329,2.7748067,89.885717,-123.81023
251,2.5,-11.010901,63.36507,2.393827,1.6597905,82.188177,-115.60449
252,2.51,-9.4462304,64.027101,3.104854,0.61428715,74.797864,-108.23505
253,2.52,-7.4936457,64.107244,3.7464224,-0.36791882,67.703847,-101.55875
254,2.53,-5.1920565,63.640492,4.3215947,-1.2918909,60.912769,-95.451052
255,2.54,-2.5784671,62.659082,4.8338458,-2.1620075,54.454328,-89.82479
256,2.55,0.31226141,61.192845,5.2871223,-2.982157,48.369878,-84.618231
257,2.56,3.4476496,59.269463,5.6857907,-3.755869,42.701183,-79.786879
258,2.57,6.7977632,56.91471,6.0344344,-4.4862638,37.476642,-75.288611
259,2.58,10.335218,54.152776,6.3375087,-5.1758141,32.697165,-71.066229
260,2.59,14.034941,51.006807,6.598841,-5.8258855,28.321208,-67.026835
261,2.6,17.873593,47.49978,6.8209505,-6.4360008,24.247703,-63.016632
262,2.61,21.828531,43.655909,7.0041486,-7.0027707,20.295776,-58.790203
263,2.62,25.876188,39.502777,7.1454044,-7.5184658,16.182312,-53.976407
264,2.63,29.98976,35.074329,7.2370603,-7.9693567,11.504498,-48.051527
265,2.64,34.136257,30.414711,7.2657357,-8.3343019,5.746525,-40.346859
266,2.65,38.273274,25.582408,7.2121822,-8.5846564,-1.6547239,-30.139252
267,2.66,42.346418,20.653416,7.0532391,-8.6870907,-11.14778,-16.875373
268,2.67,46.288829,15.721472,6.7667184,-8.6104422,-22.81731,-0.51522088
269,2.68,50.024034,10.893634,6.3383426,-8.3353179,-36.164158,18.16988
270,2.69,53.472126,6.2813283,5.7675016,-7.8619044,-50.110785,37.617527
271,2.7,56.557406,1.9895024,5.068216,-7.210978,-63.322634,55.934268
272,2.71,59.214812,-1.8923351,4.2646578,-6.4173021,-74.678091,71.556482
273,2.72,61.393262,-5.2946035,3.3841464,-5.5195756,-83.593456,83.700595
274,2.73,63.055725,-8.1674516,2.4512605,-4.5520594,-90.056879,92.401274
275,2.74,64.17704,-10.477375,1.4848227,-3.5403316,-94.448149,98.248948
276,2.75,64.740846,-12.202582,0.49750797,-2.5007947,-97.303697,102.05211
277,2.76,64.736652,-13.328614,-0.50299108,-1.4424171,-99.134502,104.57588
278,2.77,64.157674,-13.845091,-1.5121029,-0.36948566,-100.31895,106.38739
279,2.78,62.999699,-13.744012,-2.5263162,0.71533525,-101.05387,107.78386
280,2.79,61.261157,-13.019826,-3.5409687,1.8077079,-101.32813,108.7528
281,2.8,58.944516,-11.67149,-4.5477878,2.897962,-100.89731,108.93454
282,2.81,56.059175,-9.7067425,-5.532157,3.9670531,-99.25705,107.58425
283,2.82,52.625836,-7.1485498,-6.4705242,4.9827672,-95.643502,103.57569
284,2.83,48.681833,-4.0429382,-7.3292227,5.8980278,-89.127728,95.542603
285,2.84,44.285894,-0.46599645,-8.066748,6.6542541,-78.877599,82.262626
286,2.85,39.520003,3.4733665,-8.6408923,7.1917575,-64.568823,63.254435
287,2.86,34.486325,7.6378472,-9.0191166,7.4648425,-46.737894,39.290473
288,2.87,29.299253,11.873305,-9.187008,7.4542064,-26.772052,12.387756
289,2.88,24.075263,16.023626,-9.1497999,7.169383,-6.4434799,-14.858978
290,2.89,18.924036,19.943865,-8.9270908,6.6413213,12.699448,-40.157107
291,2.9,13.943126,23.508303,-8.5446968,5.9106233,29.726082,-62.098903
292,2.91,9.2164035,26.612982,-8.0278668,5.0174718,44.364024,-80.243066
293,2.92,4.8150883,29.174271,-7.3977728,3.9960967,56.794277,-94.839362
294,2.93,0.80005783,31.125313,-6.670453,2.8726692,67.419411,-106.50828
295,2.94,-2.7757013,32.41196,-5.8575404,1.6658291,76.667311,-115.95877
296,2.95,-5.8651079,32.98913,-4.967609,0.38821473,84.884528,-123.82721
297,2.96,-8.4257356,32.818033,-4.0076918,-0.95160667,92.289323,-130.59716
298,2.97,-10.41944,31.864566,-2.9849357,-2.3468584,98.946851,-136.54917
299,2.98,-11.813092,30.099281,-1.9087381,-3.7894509,104.72879,-141.68922
300,2.99,-12.581011,27.499811,-0.79421573,-5.2648934,109.21109,-145.59257
301,3,-12.710156,24.057345,0.33203265,-6.7438895,111.48692,-147.1306
302,3.01,-12.209562,19.789246,1.4232552,-8.1697393,109.91048,-144.10018
303,3.02,-11.124545,14.758699,2.4037163,-9.4453213,102.0009,-133.0722
304,3.03,-9.5520174,9.0963444,3.1700108,-10.43403,85.086595,-110.27132
305,3.04,-7.6462406,3.0091503,3.6170232,-10.9949,58.163029,-74.148433
306,3.05,-5.603666,-3.2393429,3.6843437,-11.046438,23.875706,-28.152001
307,3.06,-3.6291189,-9.3745042,3.3868697,-10.608976,-11.873028,19.780133
308,3.07,-1.9010995,-15.157368,2.8008266,-9.7855628,-43.027218,61.487581
309,3.08,-0.55193828,-20.410994,2.0241146,-8.7074623,-66.123206,92.369229
310,3.09,0.33500303,-25.023496,1.1446416,-7.490848,-80.672602,111.89736
311,3.1,0.71770168,-28.936937,0.22790043,-6.2201971,-88.006945,122.00918
312,3.11,0.58465219,-32.13214,-0.68229033,-4.9498985,-90.015033,125.3563
313,3.12,-0.054993985,-34.615121,-1.5584822,-3.7120908,-88.417801,124.30595
314,3.13,-1.1788628,-36.407139,-2.384085,-2.5246803,-84.512791,120.59602
315,3.14,-2.7564275,-37.538187,-3.1492942,-1.3972482,-79.184877,115.36081
316,3.15,-4.7522401,-38.043173,-3.8483401,-0.33502221,-72.998017,109.26867
317,3.16,-7.1278735,-37.959933,-4.4777186,0.65860247,-66.29124,102.66453
318,3.17,-9.843018,-37.328439,-5.0351005,1.5806087,-59.255868,95.688596
319,3.18,-12.855972,-36.190786,-5.5184855,2.4272856,-51.977628,88.341324
320,3.19,-16.123682,-34.591741,-5.9255446,3.1935,-44.463149,80.528067
321,3.2,-19.601404,-32.579683,-6.2530417,3.8721254,-36.654188,72.084384
322,3.21,-23.24208,-30.207819,-6.496381,4.453674,-28.440684,62.798034
323,3.22,-26.995526,-27.535491,-6.6494106,4.9262966,-19.682201,52.440853
324,3.23,-30.807676,-24.629273,-6.7046852,5.2764151,-10.245704,40.821514
325,3.24,-34.62018,-21.563417,-6.6543848,5.4902387,-0.061872656,27.862076
326,3.25,-38.370749,-18.419155,-6.4919278,5.5561936,10.809841,13.684353
327,3.26,-41.994506,-15.28251,-6.2139858,5.4678315,22.132745,-1.3293567
328,3.27,-45.426359,-12.240668,-5.8222449,5.2262864,33.493644,-16.546122
329,3.28,-48.603988,-9.3775066,-5.3241578,4.8412295,44.370355,-31.185835
330,3.29,-51.4708,-6.7692599,-4.7322895,4.3297945,54.248001,-44.490946
331,3.3,-53.978163,-4.4812582,-4.0624976,3.7138496,62.735465,-55.893306
332,3.31,-56.086563,-2.5662923,-3.3316894,3.0167109,69.632368,-65.107015
333,3.32,-57.765647,-1.0645786,-2.5559079,2.2603543,74.929556,-72.126117
334,3.33,-58.993494,-0.004874255,-1.7492164,1.4638071,78.755948,-77.145182
335,3.34,-59.755507,0.59389293,-0.92344802,0.64280231,81.30321,-80.448715
336,3.35,-60.043373,0.72107782,-0.088650852,-0.18955368,82.754214,-82.306638
337,3.36,-59.854372,0.37330512,0.74601634,-1.0214566,83.229218,-82.895738
338,3.37,-59.191223,-0.44574498,1.571183,-1.8407792,82.754186,-82.253422
339,3.38,-58.062532,-1.7246835,2.3762017,-2.6334972,81.252638,-80.265674
340,3.39,-56.483703,-3.4430418,3.1483954,-3.3825672,78.563796,-76.693223
341,3.4,-54.478079,-5.5695746,3.8729229,-4.0676992,74.489766,-71.239873
342,3.41,-52.077842,-8.0608804,4.5335694,-4.6664735,68.87302,-63.664912
343,3.42,-49.324199,-10.861048,5.1144171,-5.1567469,61.680852,-53.90653
344,3.43,-46.266497,-13.902864,5.6020384,-5.519848,53.06837,-42.175588
345,3.44,-42.960235,-17.110636,5.9874248,-5.7434432,43.381885,-28.964871
346,3.45,-39.464367,-20.404113,6.2669051,-5.822994,33.092648,-14.958343
347,3.46,-35.838506,-23.702617,6.4417592,-5.7613614,22.687824,-0.87727946
348,3.47,-32.140644,-26.928531,6.5168215,-5.5669367,12.566759,12.669222
349,3.48,-28.425704,-30.00963,6.4986961,-5.2511564,2.9805618,25.275094
350,3.49,-24.745,-32.88014,6.3941631,-4.8262111,-5.9753455,36.754715
351,3.5,-21.146401,-35.480753,6.2090904,-4.3033975,-14.329965,47.105815
352,3.51,-17.674937,-37.757939,5.947902,-3.692196,-22.189216,56.448703
353,3.52,-14.373586,-39.662893,5.6134936,-2.9999359,-29.690298,64.966907
354,3.53,-11.284042,-41.150375,5.2074343,-2.2318355,-36.967387,72.862331
355,3.54,-8.4473493,-42.177613,4.730308,-1.391229,-44.130878,80.327876
356,3.55,-5.9043443,-42.703315,4.1820903,-0.47985064,-51.258144,87.534517
357,3.56,-3.6959,-42.686844,3.5625032,0.50188432,-58.391851,94.62717
358,3.57,-1.8629738,-42.08755,2.8713583,1.5545724,-65.540281,101.7216
359,3.58,-0.44644849,-40.864321,2.1089247,2.6794234,-72.675664,108.89727
360,3.59,0.51336478,-38.975551,1.2766337,3.8773214,-79.711286,116.15895
361,3.6,0.97785367,-36.379979,0.37843399,5.1469265,-86.450412,123.35999
362,3.61,0.91257125,-33.039435,-0.576252,6.480462,-92.462536,130.02236
363,3.62,0.292404,-28.925401,-1.5666244,7.8553409,-96.845673,134.99938
364,3.63,-0.88842796,-24.03244,-2.5502128,9.2195686,-97.854452,135.94831
365,3.64,-2.5997015,-18.401108,-3.4496333,10.47288,-92.579518,128.87022
366,3.65,-4.7542579,-12.14714,-4.1472476,11.458585,-77.367456,108.67036
367,3.66,-7.1951622,-5.4798626,-4.5100675,11.997275,-49.977146,72.13616
368,3.67,-9.7085131,1.3145606,-4.4498464,11.969461,-12.644309,22.191116
369,3.68,-12.063333,7.927134,-3.9715916,11.382424,27.668883,-31.738779
370,3.69,-14.055674,14.085737,-3.1609696,10.352627,63.264432,-79.232718
371,3.7,-15.534143,19.58908,-2.1319759,9.0333226,89.687722,-114.36454
372,3.71,-16.403277,24.310145,-0.98518024,7.5571461,106.34895,-136.53328
373,3.72,-16.613906,28.181903,0.20703824,6.0163331,114.93088,-148.23196
374,3.73,-16.150084,31.17869,1.3980901,4.4668222,117.71375,-152.71138
375,3.74,-15.017727,33.30035,2.5597441,2.9393037,116.68152,-152.73836
376,3.75,-13.236447,34.561227,3.6752116,1.4494695,113.25834,-150.23506
377,3.76,-10.834327,34.983553,4.7342743,0.0053260128,108.35696,-146.35459
378,3.77,-7.8449272,34.594232,5.7299863,-1.387789,102.49979,-141.6592
379,3.78,-4.3059112,33.424057,6.6563785,-2.7237653,95.926078,-136.28482
380,3.79,-0.25905812,31.50896,7.5062625,-3.9925412,88.634288,-130.01333
381,3.8,4.248332,28.893217,8.2687743,-5.176763,80.378886,-122.2859
382,3.81,9.1604716,25.634714,8.9265114,-6.2480744,70.6421,-112.18273
383,3.82,14.408631,21.812063,9.4529977,-7.164095,58.646456,-98.462282
384,3.83,19.906131,17.532117,9.8125399,-7.8689815,43.518297,-79.813194
385,3.84,25.545175,12.93443,9.9655082,-8.301759,24.703988,-55.456234
386,3.85,31.198846,8.1879754,9.8802817,-8.4139497,2.5528959,-25.964786
387,3.86,36.730181,3.4775822,9.5472429,-8.1897177,-21.351626,6.2938676
388,3.87,42.006161,-1.0166306,8.985482,-7.6552281,-44.567935,37.730596
389,3.88,46.911128,-5.1388484,8.2370135,-6.8700004,-64.753876,64.925378
390,3.89,51.354805,-8.7692373,7.3531272,-5.9070223,-80.510377,85.840335
391,3.9,55.273647,-11.825909,6.3816653,-4.834236,-91.600919,100.13253
392,3.91,58.627341,-14.259782,5.3601142,-3.7044151,-98.63705,108.6989
393,3.92,61.39314,-16.046253,4.3141952,-2.5530155,-102.60695,112.99294
394,3.93,63.560125,-17.176717,3.2595399,-1.4005582,-104.51267,114.4948
395,3.94,65.124459,-17.651529,2.204365,-0.25653792,-105.18255,114.43295
396,3.95,66.086005,-17.474979,1.1521829,0.87655768,-105.20633,113.68402
397,3.96,66.446323,-16.652318,0.10420415,1.999652,-104.93402,112.76763
398,3.97,66.20801,-15.188789,-0.93834046,3.1136045,-104.48098,111.85271
399,3.98,65.375446,-13.090754,-1.9716788,4.2154712,-103.71622,110.74201
400,3.99,63.957126,-10.369151,-2.9866049,5.2942594,-102.23381,108.83322
401,4,61.969611,-7.0453296,-3.9655838,6.326698,-99.343196,105.10698
402,4.01,59.4426,-3.1585352,-4.8812646,7.2750224,-94.159784,98.257286
403,4.02,56.423489,1.2272738,-5.6987816,8.0901532,-85.887727,87.094485
404,4.03,52.978845,6.0209511,-6.3833878,8.7224775,-74.269659,71.186446
405,4.04,49.190751,11.10897,-6.9111846,9.1371288,-59.943003,51.372236
406,4.05,45.148517,16.366913,-7.2768093,9.32513,-44.355986,29.657491
407,4.06,40.938858,21.673304,-7.4933482,9.3036774,-29.221251,8.4556615
408,4.07,36.638253,26.920578,-7.5853375,9.1066314,-15.873042,-10.317851
409,4.08,32.309254,32.020648,-7.5803047,8.7728423,-4.955491,-25.691889
410,4.09,28.000449,36.905427,-7.5026624,8.3376696,3.5243199,-37.575475
411,4.1,23.748799,41.524,-7.3706519,7.8286243,9.9754729,-46.461511
412,4.11,19.582922,45.838465,-7.1959759,7.2647753,14.970229,-53.077106
413,4.12,15.526344,49.819742,-6.9846829,6.6578798,19.076275,-58.152067
414,4.13,11.600242,53.444049,-6.738478,6.014093,22.772418,-62.303146
415,4.14,7.8255278,56.690208,-6.4560091,5.3356204,26.422068,-65.999217
416,4.15,4.2242896,59.537762,-6.1339598,4.6220702,30.277309,-69.569754
417,4.16,0.82069395,61.965735,-5.7679194,3.8714588,34.495127,-73.230677
418,4.17,-2.358553,63.951879,-5.3530516,3.0809066,39.15623,-77.113704
419,4.18,-5.2840777,65.472245,-4.8845893,2.2470723,44.282898,-81.293524
420,4.19,-7.9239569,66.500959,-4.3581857,1.3663971,49.854537,-85.809519
421,4.2,-10.243969,67.010031,-3.7700487,0.43502378,55.827314,-90.69473
422,4.21,-12.20791,66.969149,-3.1169915,-0.55127829,62.146251,-95.985048
423,4.22,-13.77785,66.345315,-2.3962336,-1.5975174,68.765942,-101.74429
424,4.23,-14.91423,65.102201,-1.6050026,-2.7100669,75.670716,-108.08473
425,4.24,-15.575649,63.199103,-0.73991308,-3.897477,82.896207,-115.18892
426,4.25,-15.718246,60.589356,0.2038779,-5.1715352,90.551467,-123.33351
427,4.26,-15.294583,57.218157,1.2335885,-6.5483435,98.831197,-132.8984
428,4.27,-14.25209,53.019887,2.3595242,-8.0491194,108.00611,-144.35119
429,4.28,-12.531613,47.915672,3.59445,-9.6991215,118.33043,-158.1172
430,4.29,-10.067967,41.813854,4.9484117,-11.520255,129.70758,-174.11465
431,4.3,-6.7981827,34.621293,6.4103381,-13.505239,140.69763,-190.37048
432,4.31,-2.6909921,26.284431,7.8991749,-15.54916,146.155,-199.71821
433,4.32,2.1852437,16.884234,9.1817555,-17.334374,134.2237,-185.58701
434,4.33,7.58158,6.7496551,9.8722569,-18.329046,90.774663,-128.17379
435,4.34,13.084294,-3.5634154,9.6968807,-18.155467,18.566471,-31.152668
436,4.35,18.259735,-13.472634,8.7472474,-16.942422,-57.120063,70.485454
437,4.36,22.785233,-22.549994,7.3313014,-15.117047,-113.43642,145.18679
438,4.37,26.479424,-30.562403,5.7221291,-13.054948,-145.09029,185.86889
439,4.38,29.269511,-37.424493,4.0806394,-10.972763,-157.79608,200.76862
440,4.39,31.147632,-43.13649,2.4820996,-8.9656703,-159.16801,200.72905
441,4.4,32.138348,-47.737878,0.9547195,-7.0617475,-154.88135,193.83787
442,4.41,32.279676,-51.280323,-0.49456646,-5.258632,-148.24618,184.82033
443,4.42,31.613709,-53.81435,-1.8668315,-3.5427013,-140.89973,176.00215
444,4.43,30.182674,-55.384007,-3.1652741,-1.8979959,-133.52942,168.31441
445,4.44,28.027544,-56.025491,-4.3933023,-0.30961646,-126.37835,161.99677
446,4.45,25.187528,-55.767411,-5.5544407,1.2354508,-119.53534,157.00341
447,4.46,21.69958,-54.631412,-6.6530444,2.7488225,-113.08536,153.22592
448,4.47,17.597692,-52.632743,-7.6949086,4.2411556,-107.15273,150.56417
449,4.48,12.912042,-49.780798,-8.6874314,5.7222086,-101.88576,148.92493
450,4.49,7.6684609,-46.08013,-9.6386609,7.199535,-97.377221,148.13007
451,4.5,1.8891879,-41.533214,-10.554214,8.6743546,-93.495947,147.698
452,4.51,-4.4032671,-36.147433,-11.430242,10.132009,-89.56716,146.40963
453,4.52,-11.176104,-29.950448,-12.240043,11.52369,-83.842467,141.58193
454,4.53,-18.366888,-23.018205,-12.915014,12.740679,-72.94554,128.32656
455,4.54,-25.857451,-15.511546,-13.335104,13.602865,-52.32118,100.2546
456,4.55,-33.459041,-7.6956653,-13.364167,13.911132,-19.377967,53.969322
457,4.56,-40.93397,0.092870067,-12.93568,13.569695,22.106465,-4.7726426
458,4.57,-48.049674,7.5248766,-12.105764,12.660168,62.69656,-62.226011
459,4.58,-54.627014,14.348483,-11.009812,11.37851,93.962366,-106.18588
460,4.59,-60.556711,20.413163,-9.7840989,9.9225761,113.03497,-132.45757
461,4.6,-65.789349,25.655598,-8.5243774,8.4322293,121.65975,-143.50897
462,4.61,-70.31576,30.071368,-7.2837768,6.985573,123.25996,-144.28008
463,4.62,-74.14888,33.688425,-6.0850473,5.6159456,121.00195,-139.40185
464,4.63,-77.311036,36.548199,-4.9334751,4.3303931,117.10547,-132.17079
465,4.64,-79.826252,38.693939,-3.8253209,3.1219117,112.9121,-124.62236
466,4.65,-81.716133,40.164269,-2.752755,1.9768027,109.14176,-117.88139
467,4.66,-82.997854,40.989929,-1.7063071,0.87846775,106.14378,-112.51612
468,4.67,-83.683273,41.19225,-0.67590829,-0.19084775,104.07451,-108.79307
469,4.68,-83.778491,40.782418,0.34885961,-1.2494979,103.00936,-106.84103
470,4.69,-83.283555,39.761021,1.3788325,-2.3163648,103.00131,-106.73814
471,4.7,-82.192132,38.117669,2.4254265,-3.4109475,104.1067,-108.55156
472,4.71,-80.491179,35.830681,3.5006371,-4.5532275,106.38294,-112.33585
473,4.72,-78.160911,32.867277,4.6162685,-5.7623983,109.83641,-118.05667
474,4.73,-75.17575,29.185299,5.7815887,-7.0533391,114.30015,-125.41494
475,4.74,-71.507875,24.738718,6.9974293,-8.4279888,119.15609,-133.4483
476,4.75,-67.136195,19.491005,8.244208,-9.858106,122.83727,-139.82391
477,4.76,-62.064031,13.440927,9.4638827,-11.259574,122.2574,-140.03919
478,4.77,-56.344147,6.6586991,10.548323,-12.476142,113.04852,-127.78425
479,4.78,-50.096872,-0.68786884,11.363789,-13.314659,92.047189,-98.495892
480,4.79,-43.499948,-8.347609,11.818929,-13.642063,61.025113,-54.658869
481,4.8,-36.749358,-16.041791,11.916101,-13.458938,26.819834,-6.0112852
482,4.81,-30.017791,-23.523851,11.732202,-12.873547,-3.3200114,37.022328
483,4.82,-23.43353,-30.610682,11.363153,-12.023951,-25.709929,68.980487
484,4.83,-17.080685,-37.183809,10.885857,-11.023979,-40.38969,89.65826
485,4.84,-11.01041,-43.17474,10.348039,-9.9480853,-49.317777,101.61236
486,4.85,-5.2539333,-48.547383,9.7731077,-8.8374729,-54.768028,107.91162
487,4.86,0.16682029,-53.283432,9.1680258,-7.7104329,-58.594796,111.10654
488,4.87,5.2321162,-57.372365,8.5304137,-6.5718188,-62.039076,112.94312
489,4.88,9.9203422,-60.80541,7.8534426,-5.4194226,-65.811096,114.47412
490,4.89,14.206142,-63.57232,7.1289473,-4.2478572,-70.236719,116.2624
491,4.9,18.05998,-65.659896,6.3492602,-3.0506765,-75.391384,118.56618
492,4.91,21.44856,-67.051462,5.508172,-1.821356,-81.203004,121.47676
493,4.92,24.335602,-67.726672,4.601166,-0.55332787,-87.534737,125.02746
494,4.93,26.682685,-67.661323,3.6252281,0.76031748,-94.240774,129.25218
495,4.94,28.449814,-66.826797,2.5781175,2.1277556,-101.22096,134.2466
496,4.95,29.595474,-65.1889,1.457221,3.5597412,-108.46675,140.21457
497,4.96,30.075909,-62.705817,0.25799855,5.0713617,-116.10375,147.51289
498,4.97,29.843438,-59.324983,-1.0278666,6.6841062,-124.4256,156.68726
499,4.98,28.84374,-54.978789,-2.4143344,8.4279727,-133.90638,168.48685
500,4.99,27.012517,-49.579694,-3.9217299,10.34203,-145.12849,183.76611
501,5,24.273662,-43.017646,-5.5722626,12.4678,-158.41168,202.97336
502,5.01,20.546544,-35.170451,-7.3674703,14.817444,-172.4844,224.3007
503,5.02,15.78403,-25.957338,-9.2157072,17.271904,-180.7106,238.39757
504,5.03,10.072235,-15.479104,-10.797367,19.391995,-165.68086,220.80529
505,5.04,3.7449407,-4.179119,-11.580336,20.439306,-107.4249,143.4225
506,5.05,-2.6738398,7.2353633,-11.282722,20.021948,-15.967349,19.983626
507,5.06,-8.691145,18.100459,-10.151825,18.48374,70.07067,-95.885979
508,5.07,-13.986717,27.992035,-8.6126866,16.4145,125.96613,-169.91133
509,5.08,-18.411838,36.723025,-6.9636813,14.22565,151.9224,-202.56047
510,5.09,-21.93082,44.260812,-5.3510266,12.114653,158.15111,-208.25324
511,5.1,-24.566556,50.650359,-3.8294477,10.149835,154.15563,-200.40565
512,5.11,-26.366037,55.965367,-2.4109179,8.3387289,145.95386,-187.54228
513,5.12,-27.382695,60.283129,-1.0912609,6.665654,136.62842,-174.05242
514,5.13,-27.669019,63.673968,0.13760625,5.109238,127.46728,-161.77854
515,5.14,-27.274441,66.198289,1.2828689,3.6495913,118.83993,-151.23596
516,5.15,-26.245449,67.907014,2.3495606,2.2705442,110.72609,-142.34846
517,5.16,-24.626326,68.84316,3.340889,0.95968153,102.99726,-134.84033
518,5.17,-22.459756,69.043502,4.2591141,-0.29244679,95.547425,-128.422
519,5.18,-19.787025,68.53988,5.1065057,-1.4933101,88.34192,-122.86488
520,5.19,-16.647751,67.35999,5.8862006,-2.649454,81.426965,-118.03122
521,5.2,-13.079268,65.527733,6.6027354,-3.7671862,74.911309,-113.85922
522,5.21,-9.1157756,63.063238,7.2623089,-4.8530881,68.942002,-110.34653
523,5.22,-4.7874622,59.982694,7.8726986,-5.9141687,63.673312,-107.52088
524,5.23,-0.11978956,56.298262,8.4427723,-6.9575375,59.22935,-105.39822
525,5.24,4.8667508,52.01843,8.9814194,-7.9893002,55.652927,-103.91692
526,5.25,10.155948,47.149461,9.4955078,-9.0120755,52.823531,-102.82399
527,5.26,15.733431,41.699087,9.9861212,-10.020067,50.315406,-101.47409
528,5.27,21.581155,35.684334,10.442034,-10.990239,47.165982,-98.502842
529,5.28,27.667174,29.145722,10.83006,-11.869184,41.590393,-91.430623
530,5.29,33.930425,22.168163,11.086099,-12.56119,30.932721,-76.610615
531,5.3,40.265706,14.901125,11.120007,-12.935992,12.571464,-50.523677
532,5.31,46.521849,7.5598133,10.849971,-12.877822,-13.811889,-12.963202
533,5.32,52.523486,0.3931153,10.252733,-12.355868,-44.419831,30.475841
534,5.33,58.107248,-6.3684004,9.3808369,-11.447483,-72.933048,70.717639
535,5.34,63.149979,-12.552662,8.3290887,-10.289824,-94.427561,100.74982
536,5.35,67.57685,-18.057471,7.1889065,-9.0147692,-107.488,118.58692
537,5.36,71.353751,-22.839402,6.0247311,-7.7152146,-113.44103,126.16595
538,5.37,74.473863,-26.894299,4.8724652,-6.442674,-114.6314,126.89136
539,5.38,76.94512,-30.238977,3.7469265,-5.21778,-113.24638,123.95672
540,5.39,78.781167,-32.897877,2.6501804,-4.0422018,-110.8652,119.69078
541,5.4,79.99568,-34.89456,1.5773343,-2.9069763,-108.47814,115.57863
542,5.41,80.599203,-36.246828,0.52015635,-1.7977944,-106.63791,112.47167
543,5.42,80.597554,-36.964161,-0.53098967,-0.69789644,-105.62237,110.81709
544,5.43,79.991099,-37.046463,-1.5862576,0.41052323,-105.55865,110.83367
545,5.44,78.774431,-36.483483,-2.6559956,1.5457015,-106.50208,112.62311
546,5.45,76.936248,-35.254596,-3.7506087,2.7259259,-108.4749,116.22266
547,5.46,74.459398,-33.328962,-4.8802611,3.9688907,-111.46846,121.60521
548,5.47,71.321508,-30.666669,-6.0535195,5.2894365,-115.37339,128.57146
549,5.48,67.497053,-27.222118,-7.2740734,6.6945223,-119.82805,136.52954
550,5.49,62.962815,-22.952461,-8.5331388,8.1719999,-123.88037,144.00836
551,5.5,57.70981,-17.83542,-9.7954674,9.6704026,-125.4487,147.8963
552,5.51,51.764133,-11.899844,-10.981635,11.07384,-120.89411,142.86126
553,5.52,45.212085,-5.2620639,-11.964637,12.197901,-105.83145,122.55782
554,5.53,38.211609,1.8577727,-12.609465,12.847133,-78.265701,84.134713
555,5.54,30.971706,9.1654736,-12.844954,12.918287,-41.787806,32.788511
556,5.55,23.708252,16.356735,-12.697672,12.449506,-4.1104777,-20.322522
557,5.56,16.605432,23.173574,-12.256577,11.570882,28.036136,-65.349127
558,5.57,9.8002444,29.428125,-11.617561,10.425563,51.946432,-98.137659
559,5.58,3.3864641,34.998407,-10.852591,9.1248398,68.313529,-119.42742
560,5.59,-2.5730109,39.811512,-10.00479,7.7396896,79.291229,-132.15249
561,5.6,-8.033575,43.825692,-9.0951004,6.3088747,87.076376,-139.43849
562,5.61,-12.959504,47.016333,-8.13081,4.8500429,93.311485,-143.73495
563,5.62,-17.31808,49.366435,-7.1120434,3.368195,99.021602,-146.70151
564,5.63,-21.076508,50.860741,-6.0359642,1.8612325,104.74582,-149.36467
565,5.64,-24.200576,51.482176,-4.898945,0.3228853,110.71655,-152.3447
566,5.65,-26.654166,51.209457,-3.6972191,-1.2562803,117.02057,-156.05928
567,5.66,-28.398967,50.015134,-2.4267173,-2.8887403,123.70698,-160.85043
568,5.67,-29.394,47.863574,-1.0823642,-4.5905266,130.8592,-167.06922
569,5.68,-29.594932,44.708962,0.34228999,-6.3811634,138.59668,-175.06553
570,5.69,-28.953936,40.494375,1.8534718,-8.2808448,146.94435,-185.0006
571,5.7,-27.422594,35.15544,3.4496673,-10.299379,155.39448,-196.23581
572,5.71,-24.964308,28.637564,5.0994322,-12.404659,161.78248,-205.76392
573,5.72,-21.588195,20.943557,6.6933824,-14.454944,160.19084,-205.27367
574,5.73,-17.410572,12.220264,7.9907781,-16.12324,139.89,-179.64428
575,5.74,-12.703563,2.8279384,8.6772561,-16.976542,92.395196,-116.76823
576,5.75,-7.8506502,-6.7196561,8.5972558,-16.799193,25.465049,-27.099508
577,5.76,-3.2235414,-15.92482,7.8787772,-15.767214,-39.410225,59.765441
578,5.77,0.90955078,-24.432156,6.7824959,-14.239132,-86.222162,121.79394
579,5.78,4.3995727,-32.049316,5.5300526,-12.517628,-112.23694,155.36492
580,5.79,7.1886589,-38.707316,4.2561919,-10.783377,-122.33636,167.40506
581,5.8,9.2750613,-44.411235,3.0282519,-9.1226229,-122.64145,166.51863
582,5.81,10.686479,-49.202848,1.8743545,-7.5668053,-117.80698,159.22738
583,5.82,11.463753,-53.137908,0.80320345,-6.1204935,-110.67906,149.49658
584,5.83,11.65223,-56.274304,-0.18486799,-4.777077,-102.76445,139.3933
585,5.84,11.297764,-58.666829,-1.0924675,-3.5265925,-94.761452,129.83006
586,5.85,10.445149,-60.365485,-1.9228116,-2.3592013,-86.94342,121.10277
587,5.86,9.137643,-61.415429,-2.6789944,-1.2663899,-79.39333,113.22168
588,5.87,7.41688,-61.857533,-3.3639331,-0.2411747,-72.127021,106.08824
589,5.88,5.3228305,-61.729078,-3.9805598,0.72210079,-65.15079,99.581113
590,5.89,2.8936898,-61.064345,-4.5320726,1.6281699,-58.484448,93.598312
591,5.9,0.16569543,-59.895065,-5.0220474,2.4810783,-52.1598,88.059995
592,5.91,-2.8270804,-58.250771,-5.4544446,3.2843626,-46.213081,82.905617
593,5.92,-6.0528928,-56.159101,-5.8334675,4.041063,-40.672552,78.081903
594,5.93,-9.4823606,-53.646153,-6.1632736,4.7535561,-35.544592,73.526837
595,5.94,-13.088293,-50.737003,-6.4475333,5.4231767,-30.798846,69.15032
596,5.95,-16.84521,-47.456513,-6.6888174,6.0495897,-26.351892,64.810974
597,5.96,-20.728458,-43.830594,-6.8877897,6.6298646,-22.048784,60.288653
598,5.97,-24.712795,-39.888091,-7.0421963,7.1572398,-17.643367,55.254561
599,5.98,-28.770373,-35.66342,-7.1457241,7.6196785,-12.782976,49.247434
600,5.99,-32.868129,-31.199957,-7.1869963,7.9985985,-7.0124711,41.677147
601,6,-36.964883,-26.553753,-7.1493109,8.2686262,0.17487231,31.894229
602,6.01,-41.008879,-21.796577,-7.0120638,8.3996817,9.2080957,19.368444
603,6.02,-44.936964,-17.016622,-6.7546494,8.3624723,20.230323,3.9755227
604,6.03,-48.676585,-12.315298,-6.3624034,8.1367398,32.893179,-13.723663
605,6.04,-52.150849,-7.7998065,-5.8321694,7.7188506,46.313321,-32.433832
606,6.05,-55.285358,-3.5733854,-5.1742574,7.1242345,59.298575,-50.452352
607,6.06,-58.014501,0.27352813,-4.4095033,6.382948,70.7498,-66.236547
608,6.07,-60.285297,3.6685437,-3.5633048,5.5310646,79.996503,-78.871078
609,6.08,-62.058225,6.5582288,-2.6598705,4.6024679,86.894449,-88.196806
610,6.09,-63.305711,8.9056957,-1.7187398,3.6239279,91.706863,-94.634934
611,6.1,-64.009473,10.68657,-0.75380583,2.6137661,94.897888,-98.889101
612,6.11,-64.157749,11.88484,0.22596145,1.5829581,96.950448,-101.68357
613,6.12,-63.743115,12.489581,1.2149038,0.53752034,98.246309,-103.59037
614,6.13,-62.761224,12.493057,2.2087501,-0.51863661,99.005187,-104.94059
615,6.14,-61.210657,11.890478,3.2025118,-1.5805816,99.252512,-105.77653
616,6.15,-59.094033,10.681615,4.1881829,-2.6389456,98.795571,-105.81644
617,6.16,-56.420477,8.8744383,5.1522522,-3.6762454,97.203149,-104.42547
618,6.17,-53.209427,6.4907244,6.0733905,-4.6634893,93.810266,-100.62475
619,6.18,-49.495318,3.5729331,6.9213446,-5.5585771,87.800363,-93.214103
620,6.19,-45.331876,0.19052048,7.6586954,-6.3088821,78.423507,-81.091702
621,6.2,-40.794057,-3.5571812,8.2466921,-6.8597483,65.340948,-63.754981
622,6.21,-35.975845,-7.5441245,8.6540562,-7.1673064,48.937923,-41.755528
623,6.22,-30.983709,-11.627038,8.864698,-7.2097778,30.355428,-16.749938
624,6.23,-25.927701,-15.658452,8.880138,-6.9912025,11.147812,8.9883769
625,6.24,-20.913232,-19.498849,8.7156494,-6.5360652,-7.2499728,33.338611
626,6.25,-16.035652,-23.024834,8.393526,-5.8796265,-23.891548,54.875449
627,6.26,-11.378167,-26.13241,7.9367737,-5.0586143,-38.414006,73.025965
628,6.27,-7.0122789,-28.736473,7.3654473,-4.1055488,-50.893095,87.879685
629,6.28,-2.9996039,-30.76803,6.6952024,-3.04613,-61.647358,99.921146
630,6.29,0.60596433,-32.170668,5.9376359,-1.899229,-71.053552,109.76712
631,6.3,3.7563956,-32.897195,5.1013581,-0.67801316,-79.436374,118.00343
632,6.31,6.4082704,-32.906969,4.1933218,0.60842841,-87.014541,125.09725
633,6.32,8.5222916,-32.164193,3.2202974,1.9531123,-93.873139,131.34467
634,6.33,10.063745,-30.637539,2.190684,3.3485748,-99.931941,136.81239
635,6.34,11.004379,-28.301818,1.1174027,4.7826485,-104.86273,141.20904
636,6.35,11.326571,-25.142968,0.022639207,6.2315468,-107.93848,143.6629
637,6.36,11.03111,-21.168311,-1.0546816,7.649012,-107.80088,142.38531
638,6.37,10.149581,-16.423514,-2.049999,8.9533059,-102.28812,134.4147
639,6.38,8.7594648,-11.013749,-2.870037,10.022116,-88.765241,116.05893
640,6.39,6.9938961,-5.1179195,-3.4091425,10.714335,-65.528782,84.834227
641,6.4,5.0342303,1.0205369,-3.5896439,10.925359,-33.876349,42.346359
642,6.41,3.0821362,7.1310024,-3.4004394,10.640347,1.3215164,-4.885352
643,6.42,1.3243636,12.963167,-2.8983143,9.9361837,33.915513,-48.572688
644,6.43,-0.092280031,18.320501,-2.1748185,8.9359439,59.538219,-82.873551
645,6.44,-1.0690533,23.070554,-1.3209317,7.7604552,76.771861,-105.99043
646,6.45,-1.5507484,27.138028,-0.40867912,6.5034178,86.40746,-119.13263
647,6.46,-1.5158303,30.490794,0.51177363,5.2279794,90.166004,-124.74011
648,6.47,-0.96635998,33.125927,1.408038,3.9729222,89.806293,-125.25052
649,6.48,0.080088159,35.058771,2.2600915,2.7605876,86.739001,-122.57248
650,6.49,1.5961386,36.315497,3.0558126,1.6033762,81.961072,-118.00492
651,6.5,3.5483486,36.928548,3.7878701,0.50826191,76.124189,-112.34259
652,6.51,5.8994963,36.934178,4.4516657,-0.52024828,69.627769,-106.01488
653,6.52,8.6098913,36.371372,5.0440342,-1.4783336,62.700487,-99.210649
654,6.53,11.637986,35.281712,5.5622664,-2.3615833,55.448982,-91.953525
655,6.54,14.94046,33.709893,6.0033464,-3.1641065,47.888328,-84.152725
656,6.55,18.471881,31.704728,6.3632873,-3.8778373,39.958832,-75.632964
657,6.56,22.184019,29.320494,6.6366079,-4.4920741,31.540985,-66.160105
658,6.57,26.024957,26.618393,6.8161006,-4.9934457,22.479838,-55.478139
659,6.58,29.938252,23.667796,6.89313,-5.3666186,12.628575,-43.37091
660,6.59,33.862514,20.54673,6.8587008,-5.59605,1.9142478,-29.752393
661,6.6,37.73185,17.341047,6.7053348,-5.6688129,-9.586321,-14.76833
662,6.61,41.477475,14.141867,6.4293892,-5.5779496,-21.591813,1.1347819
663,6.62,45.030458,11.041394,6.033013,-5.3252061,-33.622347,17.227826
664,6.63,48.325123,8.1278709,5.5248517,-4.9219141,-45.084875,32.628738
665,6.64,51.302302,5.4807994,4.919097,-4.3874883,-55.411938,46.504637
666,6.65,53.911685,3.1675258,4.2332722,-3.7461302,-64.192297,58.25875
667,6.66,56.1129,1.2417134,3.4856504,-3.0230531,-71.238889,67.624722
668,6.67,57.875357,-0.25640068,2.6931794,-2.2414651,-76.577692,74.647442
669,6.68,59.177269,-1.2985364,1.8703618,-1.4209537,-80.380406,79.583241
670,6.69,60.004323,-1.8664152,1.0290923,-0.57726843,-82.878104,82.773433
671,6.7,60.348468,-1.9499663,0.17922689,0.27683158,-84.283726,84.531145
672,6.71,60.20711,-1.5461618,-0.67039589,1.1300697,-84.736094,85.059592
673,6.72,59.582934,-0.65875162,-1.5107321,1.9708486,-84.26778,84.405121
674,6.73,58.484367,0.70103369,-2.3313463,2.7854981,-82.796872,82.44501
675,6.74,56.926599,2.5129647,-3.1195462,3.5569877,-80.145619,78.914306
676,6.75,54.932864,4.7458952,-3.8601764,4.2645905,-76.09055,73.478289
677,6.76,52.535499,7.3561434,-4.5364235,4.8850142,-70.44666,65.854345
678,6.77,49.776235,10.286972,-5.131641,5.3950199,-63.163382,55.951827
679,6.78,46.705293,13.469794,-5.6317976,5.7749785,-54.398238,43.981179
680,6.79,43.379248,16.827188,-6.027661,6.0121,-44.523637,30.468499
681,6.8,39.858095,20.27714,-6.3158367,6.1020751,-34.052925,16.154504
682,6.81,36.202202,23.73752,-6.4983179,6.0486024,-23.516393,1.8199856
683,6.82,32.469856,27.129816,-6.580892,5.8612582,-13.343734,-11.882949
684,6.83,28.715753,30.381561,-6.5711319,5.5527124,-3.7972397,-24.530704
685,6.84,24.990493,33.427365,-6.4766342,5.1362132,5.0340976,-35.943512
686,6.85,21.340849,36.208806,-6.3038444,4.6238308,13.197355,-46.14
687,6.86,17.810503,38.673589,-6.0575068,4.0255215,20.821629,-55.267285
688,6.87,14.440973,40.774344,-5.7406022,3.3488351,28.067513,-63.534859
689,6.88,11.272494,42.467348,-5.3545887,2.5990172,35.090073,-71.166143
690,6.89,8.3447558,43.711323,-4.8997817,1.7792951,42.017155,-78.370192
691,6.9,5.6974261,44.466393,-4.3757592,0.89119791,48.940552,-85.329873
692,6.91,3.3704713,44.693193,-3.7817223,-0.065163188,55.915975,-92.200698
693,6.92,1.4042889,44.352118,-3.1168024,-1.0908525,62.966655,-99.112853
694,6.93,-0.16030932,43.402699,-2.3802907,-2.1879291,70.089662,-106.17606
695,6.94,-1.282324,41.803212,-1.5720581,-3.3589225,77.245395,-113.45825
696,6.95,-1.9211485,39.510758,-0.69329588,-4.6058143,84.332615,-120.94553
697,6.96,-2.0379453,36.48247,0.25170612,-5.9274974,91.111005,-128.42739
698,6.97,-1.5988062,32.679249,1.2515878,-7.3141287,97.029117,-135.25122
699,6.98,-0.58155908,28.074677,2.2799256,-8.7358059,100.89889,-139.86222
700,6.99,1.0110669,22.672922,3.2817695,-10.123513,100.42256,-139.13454
701,7,3.1304186,16.537845,4.1586215,-11.347674,91.930988,-127.98895
702,7.01,5.6590439,9.8250696,4.7704422,-12.22014,71.431704,-100.82735
703,7.02,8.4044868,2.7913847,4.9809107,-12.556143,37.841806,-56.009293
704,7.03,11.126788,-4.2422369,4.7311169,-12.27593,-4.0389872,0.011069304
705,7.04,13.58887,-10.959121,4.0700595,-11.446769,-45.416824,55.281104
706,7.05,15.598626,-17.103776,3.1129581,-10.225082,-78.945701,99.872827
707,7.06,17.025125,-22.502947,1.9807218,-8.7727746,-101.79766,130.11143
708,7.07,17.79371,-27.057657,0.76729555,-7.2125356,-114.82763,147.38641
709,7.08,17.87221,-30.723274,-0.46520268,-5.6218304,-120.44243,155.17582
710,7.09,17.256956,-33.489738,-1.6792374,-4.0437306,-121.08313,156.93193
711,7.1,15.962033,-35.366692,-2.85319,-2.4996585,-118.62455,155.24878
712,7.11,14.01214,-36.373993,-3.9747733,-0.99915759,-114.31374,151.78299
713,7.12,11.438279,-36.536487,-5.03675,0.45362859,-108.90302,147.44674
714,7.13,8.2754207,-35.881783,-6.0342265,1.8558128,-102.79944,142.62786
715,7.14,4.5616225,-34.440231,-6.9625865,3.2026381,-96.157151,137.33097
716,7.15,0.33843516,-32.246776,-7.8153781,4.4844606,-88.905153,131.23183
717,7.16,-4.3472339,-29.344834,-8.5816269,5.6831171,-80.718302,123.65437
718,7.17,-9.4395065,-25.792478,-9.2425206,6.7676215,-70.965686,113.51842
719,7.18,-14.868189,-21.670785,-9.7684125,7.6905533,-58.714686,99.368262
720,7.19,-20.542849,-17.092571,-10.118805,8.3888815,-42.931082,79.677966
721,7.2,-26.349302,-12.207223,-10.249182,8.7945649,-23.002168,53.604884
722,7.21,-32.152583,-7.195905,-10.125868,8.8563287,0.55360104,21.98588
723,7.22,-37.808262,-2.2546954,-9.7422169,8.562857,25.761247,-12.236156
724,7.23,-43.178741,2.4293128,-9.1243683,7.950686,49.776986,-44.890119
725,7.24,-48.147653,6.6990192,-8.3219548,7.0904968,70.086565,-72.309319
726,7.25,-52.627283,10.438117,-7.3914515,6.0629125,85.395741,-92.608725
727,7.26,-56.558496,13.570987,-6.3826759,4.9388566,95.716952,-105.80664
728,7.27,-59.905842,16.055538,-5.3327016,3.7705959,101.90394,-113.15292
729,7.28,-62.65097,17.873514,-4.2656183,2.5912694,105.10687,-116.33941
730,7.29,-64.786432,19.02133,-3.1950481,1.4184908,106.40697,-116.96504
731,7.3,-66.310801,19.502823,-2.1272471,0.2588884,106.65572,-116.29517
732,7.31,-67.225312,19.324241,-1.0639217,-0.88770757,106.44027,-115.20479
733,7.32,-67.531903,18.491332,-0.0045930266,-2.0247105,106.102,-114.20179
734,7.33,-67.232582,17.008412,1.0511723,-3.1554242,105.75169,-113.44818
735,7.34,-66.33018,14.879513,2.1012776,-4.2793512,105.25758,-112.74452
736,7.35,-64.830731,12.11192,3.1380517,-5.3877295,104.20414,-111.4734
737,7.36,-62.747701,8.722392,4.1448455,-6.4585812,101.8543,-108.54791
738,7.37,-60.107732,4.7456339,5.0936347,-7.4532075,97.204048,-102.49106
739,7.38,-56.956366,0.24275466,5.9464507,-8.3181342,89.25575,-91.825467
740,7.39,-53.360766,-4.694467,6.663172,-8.9961127,77.533332,-75.807056
741,7.4,-49.406645,-9.9475579,7.2141129,-9.444021,62.573839,-55.12957
742,7.41,-45.189338,-15.383706,7.5902618,-9.6476164,45.934541,-31.949551
743,7.42,-40.80249,-20.871709,7.804445,-9.6236227,29.590395,-9.050265
744,7.43,-36.328907,-26.295088,7.8835675,-9.4091873,15.138295,11.278939
745,7.44,-31.83598,-31.558934,7.8585172,-9.0479273,3.3760821,27.84364
746,7.45,-27.375463,-36.590738,7.7567876,-8.5796594,-5.6566163,40.499076
747,7.46,-22.986087,-41.337219,7.598825,-8.0351802,-12.416378,49.798306
748,7.47,-18.69727,-45.759577,7.3976413,-7.43562,-17.55104,56.570113
749,7.48,-14.532784,-49.828751,7.1599028,-6.7938377,-21.699582,61.64219
750,7.49,-10.513796,-53.521455,6.8874843,-6.1164521,-25.394427,65.706439
751,7.5,-6.6611567,-56.817205,6.5789584,-5.4057607,-29.033198,69.281574
752,7.51,-2.9969407,-59.696265,6.2308327,-4.6612765,-32.886115,72.726138
753,7.52,0.45461198,-62.138326,5.8385122,-3.8808484,-37.116735,76.270585
754,7.53,3.6666404,-64.121722,5.3970227,-3.0614182,-41.804883,80.052209
755,7.54,6.6095631,-65.622994,4.9015302,-2.1994799,-46.967793,84.146623
756,7.55,9.2512343,-66.616666,4.3476944,-1.2913223,-52.578313,88.592713
757,7.56,11.557229,-67.075061,3.7317882,-0.33293204,-58.58652,93.423588
758,7.57,13.491181,-66.968074,3.0507141,0.68011813,-64.933783,98.677874
759,7.58,15.015039,-66.262769,2.3017582,1.7531199,-71.574985,104.42607
760,7.59,16.089125,-64.92267,1.4821329,2.8928743,-78.500017,110.79232
761,7.6,16.671862,-62.906612,0.5882879,4.1085708,-85.756338,117.9772
762,7.61,16.719047,-60.167009,-0.38500486,5.4129215,-93.47163,126.28245
763,7.62,16.182596,-56.647514,-1.4456032,6.8232616,-101.86377,136.11682
764,7.63,15.008878,-52.280204,-2.6046455,8.3622522,-111.22407,147.97165
765,7.64,13.137306,-46.983245,-3.8755002,10.05621,-121.79834,162.25439
766,7.65,10.501573,-40.662348,-5.2670795,11.925601,-133.3714,178.71088
767,7.66,7.0404395,-33.225671,-6.7611144,13.953151,-144.05946,194.74027
768,7.67,2.7336915,-24.633983,-8.2546313,16.003264,-147.58762,201.58764
769,7.68,-2.3214991,-15.007474,-9.4761115,17.704477,-130.62788,180.61007
770,7.69,-7.8363023,-4.7300148,-10.026235,18.505613,-80.21753,113.61242
771,7.7,-13.375511,5.6129107,-9.6890408,18.10894,-4.2595615,11.425986
772,7.71,-18.515965,15.453577,-8.6238059,16.736899,69.595802,-87.660763
773,7.72,-22.961405,24.400467,-7.1522428,14.835301,121.30281,-155.99343
774,7.73,-26.555305,32.254539,-5.5294277,12.754279,148.62194,-190.73261
775,7.74,-29.241805,38.953298,-3.8969739,10.683338,158.3709,-201.64028
776,7.75,-31.022688,44.509566,-2.3179266,8.7005046,158.06012,-199.40234
777,7.76,-31.92735,48.968705,-0.81428386,6.8252403,152.92956,-191.48506
778,7.77,-31.995948,52.384555,0.60987479,5.0513419,145.92043,-182.08825
779,7.78,-31.271399,54.808082,1.9567286,3.3638865,138.43039,-173.19311
780,7.79,-29.796182,56.283133,3.2298218,1.7467501,131.01635,-165.54013
781,7.8,-27.611304,56.845601,4.4326281,0.18531188,123.8592,-159.27593
782,7.81,-24.755935,56.523901,5.5686715,-1.333053,117.02263,-154.3163
783,7.82,-21.266968,55.339659,6.6423154,-2.8196032,110.5838,-150.54211
784,7.83,-17.178309,53.308267,7.6593845,-4.2847252,104.66588,-147.8555
785,7.84,-12.52002,50.439362,8.6273444,-5.7380535,99.419287,-146.17372
786,7.85,-7.3177364,46.737714,9.5544238,-7.1872996,94.94505,-145.34098
787,7.86,-1.5932731,42.205709,10.446761,-8.6344634,91.137468,-144.92458
788,7.87,4.6318805,36.849726,11.301878,-10.067011,87.386957,-143.81134
789,7.88,11.327322,30.694341,12.096154,-11.440783,82.080737,-139.52194
790,7.89,18.435546,23.808672,12.766411,-12.655051,72.044063,-127.45853
791,7.9,25.846444,16.342174,13.198592,-13.538369,52.826735,-101.374
792,7.91,33.380569,8.5468714,13.257062,-13.892305,21.506895,-57.387066
793,7.92,40.806468,0.75055843,12.866196,-13.608015,-18.888738,-0.17637789
794,7.93,47.892122,-6.7181907,12.069879,-12.749573,-59.384036,57.170677
795,7.94,54.454667,-13.601957,10.997302,-11.503946,-91.299831,102.09871
796,7.95,60.379886,-19.742853,9.7852882,-10.069608,-111.23419,129.65544
797,7.96,65.614254,-25.071313,8.5328131,-8.5909322,-120.5764,141.79684
798,7.97,70.145911,-29.57868,7.2960035,-7.1503023,-122.64611,143.30761
799,7.98,73.986378,-33.290515,6.0997008,-5.7841403,-120.63555,138.84667
800,7.99,77.157391,-36.247097,4.9502536,-4.5011271,-116.84166,131.81644
801,8,79.682857,-38.491264,3.8444242,-3.2951108,-112.66918,124.3399
802,8.01,81.584485,-40.061622,2.7745651,-2.1527825,-108.88033,117.60185
803,8.02,82.87965,-40.989092,1.7312501,-1.0577167,-105.84778,112.205
804,8.03,83.580442,-41.295295,0.70442608,0.0077353498,-103.73753,108.4318
805,8.04,83.693229,-40.991779,-0.31628176,1.0618146,-102.62636,106.41588
806,8.05,83.218366,-40.079585,-1.3416146,2.1232511,-102.56431,106.2344
807,8.06,82.149895,-38.548867,-2.3828537,3.2113694,-103.60405,107.95268
808,8.07,80.475217,-36.378564,-3.4518792,4.3460383,-105.80305,111.62882
809,8.08,78.174982,-33.536468,-4.560569,5.5466416,-109.18034,117.24983
810,8.09,75.22381,-29.980593,-5.718817,6.8290627,-113.60998,124.57802
811,8.1,71.593272,-25.663874,-6.9293428,8.1980579,-118.57171,132.79235
812,8.11,67.259809,-20.546028,-8.1767361,9.6314408,-122.68346,139.82298
813,8.12,62.221071,-14.617462,-9.4097282,11.054789,-123.09396,141.49752
814,8.13,56.520662,-7.9350684,-10.526505,12.320814,-115.4831,131.56752
815,8.14,50.26936,-0.65279078,-11.391325,13.23347,-96.149073,104.69958
816,8.15,43.640454,6.9848176,-11.899146,13.640226,-65.904396,62.016926
817,8.16,36.833243,14.694587,-12.036425,13.519058,-31.120064,12.594469
818,8.17,30.02906,22.217903,-11.872897,12.967952,0.52852184,-32.542245
819,8.18,23.365926,29.358006,-11.506274,12.127414,24.617681,-66.88332
820,8.19,16.936013,35.985124,-11.01879,11.11884,40.704835,-89.532664
821,8.2,10.79604,42.023063,-10.463257,10.024033,50.60384,-102.83135
822,8.21,4.9806644,47.431105,-9.8664785,8.8891273,56.653167,-109.93753
823,8.22,-0.486297,52.188591,-9.2375994,7.73566,60.809658,-113.54366
824,8.23,-5.5841865,56.284062,-8.5754197,6.5702306,64.415199,-115.54318
825,8.24,-10.291031,59.708624,-7.8737421,5.3915073,68.250239,-117.09594
826,8.25,-14.581432,62.452316,-7.1247481,4.1944778,72.683013,-118.83395
827,8.26,-18.426002,64.502399,-6.3209772,2.9727797,77.812397,-121.05785
828,8.27,-21.791696,65.842669,-5.4563469,1.719784,83.579489,-123.88566
829,8.28,-24.642547,66.453162,-4.5263883,0.42866218,89.857067,-127.37001
830,8.29,-26.940438,66.309859,-3.528027,-0.90792381,96.509778,-131.5624
831,8.3,-28.645595,65.384021,-2.4588031,-2.2987826,103.45152,-136.57805
832,8.31,-29.716531,63.640893,-1.3156732,-3.7555526,110.6925,-142.64402
833,8.32,-30.109191,61.037502,-0.093415045,-5.2944959,118.38138,-150.14423
834,8.33,-29.775146,57.519389,1.2171889,-6.9385108,126.83405,-159.64907
835,8.34,-28.658837,53.016304,2.6309811,-8.7189152,136.53083,-171.90998
836,8.35,-26.694586,47.437826,4.1682343,-10.674738,147.99383,-187.69148
837,8.36,-23.806368,40.673068,5.8472031,-12.841957,161.26253,-207.04514
838,8.37,-19.920273,32.608298,7.6533279,-15.210153,174.1625,-226.89474
839,8.38,-15.01443,23.19722,9.4522084,-17.600303,177.97953,-234.97496
840,8.39,-9.2283974,12.614669,10.866644,-19.49234,153.6222,-204.46073
841,8.4,-2.9479829,1.3763737,11.39282,-20.186771,86.285841,-114.449
842,8.41,3.3030747,-9.8106481,10.884535,-19.480292,-5.1237585,8.9489568
843,8.42,9.0759621,-20.343563,9.6583071,-17.812588,-83.456431,114.16323
844,8.43,14.098092,-29.863853,8.1101114,-15.732358,-131.03186,176.73639
845,8.44,18.252518,-38.227583,6.4936269,-13.588175,-151.44292,201.85765
846,8.45,21.519602,-45.423091,4.9277829,-11.539063,-154.87057,203.89335
847,8.46,23.928359,-51.502293,3.4550441,-9.6360485,-149.80612,194.83212
848,8.47,25.526981,-56.538923,2.0831463,-7.880763,-141.39522,181.96307
849,8.48,26.368167,-60.607669,0.80715844,-6.2566621,-132.1976,168.92775
850,8.49,26.503209,-63.775757,-0.38053449,-4.7433842,-123.2454,157.19444
851,8.5,25.980445,-66.100885,-1.4864394,-3.3224932,-114.80879,147.12422
852,8.51,24.845493,-67.631901,-2.5150996,-1.9791329,-106.84695,138.59876
853,8.52,23.141918,-68.410341,-3.4695176,-0.70188722,-99.243511,131.3493
854,8.53,20.911716,-68.471951,-4.3520029,0.51801998,-91.913527,125.11025
855,8.54,18.195417,-67.847858,-5.165039,1.6876387,-84.840246,119.678
856,8.55,15.031752,-66.565239,-5.9120358,2.8132639,-78.079872,114.93434
857,8.56,11.45704,-64.647622,-6.5977552,3.9010131,-71.741248,110.82806
858,8.57,7.5043944,-62.114891,-7.2284779,4.9572381,-65.961929,107.35769
859,8.58,3.2029445,-58.983182,-7.8118355,5.9885718,-60.87782,104.54147
860,8.59,-1.4227207,-55.264909,-8.3562398,7.0014817,-56.586222,102.37449
861,8.6,-6.3525939,-50.96932,-8.8697237,8.0010228,-53.094334,100.7609
862,8.61,-11.570301,-46.104219,-9.3578003,8.9881953,-50.23655,99.398471
863,8.62,-17.060364,-40.680022,-9.8196406,9.9549134,-47.534872,97.58069
864,8.63,-22.802431,-34.717857,-10.241714,10.875406,-43.983197,93.893071
865,8.64,-28.761153,-28.26358,-10.588998,11.694288,-37.813319,85.889801
866,8.65,-34.871983,-21.407181,-10.798149,12.317591,-26.54786,70.183461
867,8.66,-41.028498,-14.299656,-10.785014,12.624119,-7.9735751,43.829725
868,8.67,-47.083059,-7.1507744,-10.478233,12.513244,17.794187,7.2182535
869,8.68,-52.868546,-0.19720934,-9.862766,11.965814,46.962524,-34.089256
870,8.69,-58.231403,6.3448593,-8.9911372,11.058965,73.762764,-71.819679
871,8.7,-63.056321,12.314834,-7.9516298,9.9203242,93.888079,-99.849297
872,8.71,-67.272802,17.616842,-6.8281864,8.6708414,106.19225,-116.58195
873,8.72,-70.847916,22.209133,-5.6800528,7.3957138,111.93966,-123.86916
874,8.73,-73.773964,26.086132,-4.5405003,6.142428,113.28339,-124.8421
875,8.74,-76.056968,29.261618,-3.4234337,4.9300843,112.23224,-122.43695
876,8.75,-77.708296,31.756364,-2.3308674,3.7600966,110.24849,-118.8115
877,8.76,-78.739338,33.590162,-1.2582079,2.6237945,108.26014,-115.35731
878,8.77,-79.158495,34.777179,-0.19759587,1.5073116,106.79418,-112.88462
879,8.78,-78.969615,35.32347,0.86026983,0.39432045,106.12244,-111.82762
880,8.79,-78.171263,35.225747,1.9252534,-0.73256891,106.37305,-112.40183
881,8.8,-76.756411,34.470838,3.0073773,-1.8910656,107.59928,-114.70039
882,8.81,-74.712404,33.035641,4.1165088,-3.0985555,109.80852,-118.73279
883,8.82,-72.021322,30.887792,5.2615017,-4.3706102,112.93571,-124.38125
884,8.83,-68.661305,27.987852,6.4480925,-5.7176743,116.75129,-131.26469
885,8.84,-64.610078,24.294843,7.6739215,-7.1375994,120.63903,-138.41657
886,8.85,-59.85298,19.778392,8.9186889,-8.6012824,123.1975,-143.71772
887,8.86,-54.398239,14.44129,10.129129,-10.031154,121.76183,-143.23068
888,8.87,-48.299184,8.3518458,11.207127,-11.284626,112.45382,-131.30838
889,8.88,-41.673265,1.6712937,12.024187,-12.175602,91.955261,-103.16786
890,8.89,-34.699191,-5.3504433,12.475878,-12.552983,60.764506,-59.548001
891,8.9,-27.585453,-12.42024,12.537696,-12.381064,24.376034,-8.3880421
892,8.91,-20.529201,-19.261495,12.265315,-11.740801,-10.03339,39.888127
893,8.92,-13.689513,-25.653752,11.748522,-10.764769,-37.797355,78.364905
894,8.93,-7.1816496,-31.442397,11.068792,-9.5763397,-57.91446,105.35022
895,8.94,-1.0848204,-36.528673,10.282279,-8.264294,-71.738964,122.58646
896,8.95,4.5458936,-40.853084,9.4206877,-6.8826699,-81.352436,132.97042
897,8.96,9.6690023,-44.380112,8.4985424,-5.4599753,-88.593829,139.16978
898,8.97,14.249189,-47.086791,7.5201439,-4.0081567,-94.757845,143.17783
899,8.98,18.252913,-48.955185,6.4847583,-2.5294224,-100.61166,146.30824
900,8.99,21.646189,-49.967702,5.3896683,-1.02028,-106.54322,149.3789
901,9,24.393634,-50.104111,4.2316018,0.5264684,-112.71884,152.90953
902,9.01,26.458032,-49.339351,3.0069844,2.1211753,-119.21411,157.28364
903,9.02,27.799961,-47.641583,1.7116346,3.7773698,-126.09469,162.84085
904,9.03,28.37728,-44.970297,0.34036329,5.5118254,-133.44965,169.91065
905,9.04,28.144892,-41.275117,-1.1121956,7.3428228,-141.32048,178.70338
906,9.05,27.056417,-36.497563,-2.6468239,9.282954,-149.41537,188.90988
907,9.06,25.072192,-30.581972,-4.2448173,11.317779,-156.33802,198.62499
908,9.07,22.18277,-23.508389,-5.8329238,13.356269,-157.98644,202.10766
909,9.08,18.457621,-15.361081,-7.2309232,15.156738,-145.86211,187.40047
910,9.09,14.101827,-6.4088619,-8.1526354,16.326986,-110.06818,140.48335
911,9.1,9.453095,2.8971997,-8.3692044,16.550927,-51.127323,61.75721
912,9.11,4.8862453,12.054806,-7.8992005,15.853486,14.291148,-25.910388
913,9.12,0.70591356,20.658151,-6.9587548,14.531987,67.460099,-96.736672
914,9.13,-2.8966222,28.456788,-5.7833888,12.908947,100.84443,-140.44824
915,9.14,-5.8302683,35.336402,-4.5364623,11.205194,116.74325,-160.39962
916,9.15,-8.0717373,41.27317,-3.3080628,9.5388264,120.80771,-164.55772
917,9.16,-9.6364119,46.292876,-2.1402578,7.9607517,118.1229,-160.05755
918,9.17,-10.558775,50.443586,-1.049305,6.4860143,112.10449,-151.66835
919,9.18,-10.88123,53.780212,-0.039272288,5.1130867,104.70368,-142.08462
920,9.19,-10.648467,56.356965,0.89076713,3.8341684,96.903853,-132.62276
921,9.2,-9.9049695,58.224342,1.7433493,2.6401425,89.140096,-123.80932
922,9.21,-8.69406,59.428378,2.5213291,1.5225619,81.578688,-115.77514
923,9.22,-7.0575977,60.010884,3.2275305,0.47427918,74.272984,-108.47723
924,9.23,-5.0358635,60.010034,3.864805,-0.51055675,67.242633,-101.81481
925,9.24,-2.6674371,59.46093,4.4362298,-1.4368104,60.509198,-95.68851
926,9.25,0.010969361,58.396087,4.9452098,-2.3085682,54.101731,-90.013356
927,9.26,2.9646961,56.845832,5.395488,-3.1293075,48.052459,-84.720411
928,9.27,6.1612748,54.838661,5.7910104,-3.9019083,42.385646,-79.746851
929,9.28,9.5704425,52.401655,6.135639,-4.6284815,37.103788,-75.020498
930,9.29,13.163944,49.561055,6.4327041,-5.3099827,32.172267,-70.440251
931,9.3,16.915022,46.343149,6.684379,-5.9455687,27.502413,-65.852481
932,9.31,20.797496,42.775603,6.8908592,-6.5316607,22.932819,-61.023628
933,9.32,24.784309,38.889423,7.0493544,-7.0607217,18.210621,-55.611945
934,9.33,28.845489,34.721644,7.1529935,-7.5198893,12.979478,-49.148483
935,9.34,32.945575,30.318664,7.189953,-7.8899024,6.7904612,-41.050368
936,9.35,37.040867,25.73976,7.1434477,-8.145217,-0.83686304,-30.704428
937,9.36,41.077278,21.059686,6.9934839,-8.2565566,-10.276543,-17.657455
938,9.37,44.989975,16.368747,6.7209833,-8.1967159,-21.592218,-1.8964328
939,9.38,48.705811,11.76897,6.3135643,-7.9485714,-34.358678,15.910819
940,9.39,52.148577,7.3664291,5.7704625,-7.5117623,-47.659677,34.42421
941,9.4,55.245632,3.2617773,5.1036902,-6.9040115,-60.338045,51.99146
942,9.41,57.933704,-0.4578955,4.3346649,-6.1560962,-71.381035,67.191505
943,9.42,60.162194,-3.7235554,3.4883881,-5.3034507,-80.212134,79.240204
944,9.43,61.893629,-6.4846204,2.5881617,-4.3786255,-86.752471,88.068412
945,9.44,63.102009,-8.7063603,1.6525694,-3.4070176,-91.290309,94.130001
946,9.45,63.770172,-10.365915,0.69473721,-2.40587,-94.285582,98.119839
947,9.46,63.887165,-11.448354,-0.27679642,-1.3855835,-96.197437,100.72571
948,9.47,63.446217,-11.943646,-1.256494,-0.35206595,-97.378987,102.47641
949,9.48,62.443652,-11.845016,-2.2399085,0.69043729,-98.020627,103.65902
950,9.49,60.878903,-11.148939,-3.2216005,1.7362528,-98.119677,104.27404
951,9.5,58.755761,-9.8569723,-4.192873,2.7749202,-97.458059,104.00251
952,9.51,56.084945,-7.9795301,-5.1393893,3.7876784,-95.587107,102.18471
953,9.52,52.887898,-5.541466,-6.0391219,4.7444596,-91.84454,97.846984
954,9.53,49.20123,-2.5885966,-6.8617239,5.6029816,-85.454979,89.850466
955,9.54,45.080492,0.8067487,-7.570842,6.3121287,-75.759531,77.226625
956,9.55,40.601401,4.5438902,-8.1302125,6.8208158,-62.544544,59.654686
957,9.56,35.857038,8.497817,-8.5119676,7.0900848,-46.29852,37.836162
958,9.57,30.951207,12.528842,-8.7031987,7.1027477,-28.181586,13.456247
959,9.58,25.989989,16.494963,-8.7072932,6.8655468,-9.6668281,-11.327983
960,9.59,21.074309,20.262877,-8.5397399,6.4032808,7.9479434,-34.593728
961,9.6,16.295249,23.715076,-8.2218094,5.7497124,23.844681,-55.102466
962,9.61,11.732427,26.752458,-7.774925,4.9392359,37.740526,-72.399254
963,9.62,7.4545931,29.293561,-7.2175281,4.0019756,49.739967,-86.617106
964,9.63,3.5214171,31.271848,-6.5639167,2.9616111,60.154084,-98.229999
965,9.64,-0.01449274,32.632379,-5.8246468,1.8354825,69.336015,-107.81858
966,9.65,-3.1058753,33.328696,-5.0075572,0.6356652,77.584648,-115.92734
967,9.66,-5.7096815,33.320341,-4.1190083,-0.6295248,85.098143,-122.98845
968,9.67,-7.7866552,32.571295,-3.1652551,-1.9537057,91.949594,-129.27488
969,9.68,-9.3018026,31.049641,-2.1541449,-3.3300158,98.057208,-134.84563
970,9.69,-10.226202,28.729155,-1.0978567,-4.7471234,103.10495,-139.42238
971,9.7,-10.540996,25.594072,-0.017438281,-6.1826212,106.39621,-142.17399
972,9.71,-10.244884,21.648925,1.0499296,-7.5924967,106.62326,-141.38302
973,9.72,-9.3662028,16.935062,2.0419753,-8.8980722,101.67747,-134.16604
974,9.73,-7.9780628,11.551818,2.867348,-9.9796794,88.917338,-116.82916
975,9.74,-6.2089983,5.6719219,3.4200195,-10.695766,66.483877,-86.682141
976,9.75,-4.2372058,-0.46542945,3.6183405,-10.936371,35.382694,-44.934384
977,9.76,-2.2639334,-6.5901607,3.4453016,-10.678659,0.25830537,2.2026223
978,9.77,-0.47811314,-12.449002,2.9532614,-9.9935735,-32.716578,46.406607
979,9.78,0.96987611,-17.840631,2.2324048,-9.0024503,-58.962631,81.543748
980,9.79,1.9775419,-22.627623,1.3744539,-7.8272308,-76.850937,105.52922
981,9.8,2.4864697,-26.730483,0.45301552,-6.5638224,-87.046207,119.40363
982,9.81,2.4726609,-30.113904,-0.4802747,-5.2773555,-91.234751,125.56567
983,9.82,1.9363836,-32.772668,-1.3919203,-4.0080373,-91.187953,126.47644
984,9.83,0.89393324,-34.720467,-2.2611384,-2.7791152,-88.343858,124.08695
985,9.84,-0.62822509,-35.98224,-3.0752917,-1.6035392,-83.72484,119.73405
986,9.85,-2.597296,-36.589473,-3.826682,-0.48862842,-78.000967,114.23874
987,9.86,-4.9765048,-36.577657,-4.5104153,0.56084518,-71.582543,108.04449
988,9.87,-7.7264322,-35.985185,-5.1230419,1.5407778,-64.702624,101.34367
989,9.88,-10.805618,-34.85325,-5.661524,2.4463703,-57.466346,94.154058
990,9.89,-14.170602,-33.22645,-6.1224123,3.271151,-49.881334,86.370066
991,9.9,-17.775507,-31.153932,-6.5011171,4.0061899,-41.874098,77.792614
992,9.91,-21.571238,-28.690909,-6.7913261,4.6395644,-33.305303,68.15584
993,9.92,-25.50446,-25.900336,-6.9847523,5.1563122,-23.996846,57.168467
994,9.93,-29.516649,-22.854305,-7.0715029,5.5392554,-13.782321,44.5857
995,9.94,-33.543645,-19.634577,-7.041354,5.7710638,-2.5841788,30.315792
996,9.95,-37.516221,-16.331548,-6.8859639,5.8375683,9.4979464,14.538902
997,9.96,-41.362018,-13.041222,-6.6015447,5.731615,22.127259,-2.2172531
998,9.97,-45.008736,-9.8603924,-6.1909957,5.4560424,34.74569,-19.110593
999,9.98,-48.387976,-6.8809551,-5.6644683,5.024351,46.683721,-35.149624
1000,9.99,-51.438766,-4.1847483,-5.0380055,4.4586032,57.325425,-49.433061
1001,10,-54.10996,-1.8400782,-4.330852,3.7854479,66.252047,-61.354706
